{"mae": 0.6679451976965031, "rmse": 0.9038987628340199, "mse": 0.8170329734528718, "r2": 0.7807756015466423}